{
  "death_probability": 0.2141172246297535,
  "prediction": 0.0,
  "threshold": 0.7273530450209328
}