{
  "death_probability": 0.18247659966500343,
  "prediction": 0.0,
  "threshold": 0.7273530450209328
}