{
  "death_probability": 0.5216758068996872,
  "prediction": 0.0,
  "threshold": 0.7273530450209328
}