{
  "death_probability": 0.9940162392391094,
  "prediction": 1.0,
  "threshold": 0.7273530450209328
}