model,threshold,AUROC,AUPRC,Accuracy,Precision,Recall,F1,TN,FP,FN,TP
Final LightGBM Experiment,0.7273530450209328,0.9103147327587118,0.5998630942684917,0.9188791364553236,0.5277615429573349,0.5704358812381554,0.5482695810564663,15952,808,680,903
