case_type,row_position,original_index,y_true,y_pred,y_proba,threshold,prediction_type
TP,7773,67105,1,1,0.998874831964749,0.7273530450209328,TP
FN,7920,35328,1,0,0.019213475153308103,0.7273530450209328,FN
FP,1963,91053,0,1,0.9971415993722755,0.7273530450209328,FP
TN,14835,10107,0,0,0.0015095454124674245,0.7273530450209328,TN
