age_group,n_patients,mean_age,mean_shap,median_shap
<=40,2090,29.79377990430622,-0.9816081260104413,-0.9760898378991685
41-50,1796,46.021714922049,-0.6720681852930316,-0.6746023390545229
51-60,3373,55.8176697302105,-0.3631643523276102,-0.34950010781557955
61-70,4799,65.4892685976245,0.23030175193195496,0.27038703900721606
71-80,3783,75.34681469733016,0.4304545681091927,0.3959093226003418
80+,2502,84.47601918465227,0.6400516344304717,0.643714427315327
