gcs_motor_apache,n_patients,mean_shap,median_shap
1.0,1088,0.7171599951890467,0.7049361286361959
2.0,48,0.758464071445197,0.7503087112880522
3.0,117,0.6675400859426033,0.6388186498228358
4.0,913,0.3720229635657029,0.3652676668716617
5.0,1563,0.17705646407871137,0.1755364419956016
6.0,14614,-0.106819499047869,-0.10591076137913491
