case_type,row_position,y_true,y_proba,y_pred,prediction_type
TP,7773,1,0.998874831964749,1,TP
FN,7920,1,0.019213475153308103,0,FN
FP,1963,0,0.9971415993722755,1,FP
TN,14835,0,0.0015095454124674245,0,TN
