case,index,y_true,y_proba,y_pred,prediction_type
TP,14271,1,0.9995290835498919,1,TP
FN,1405,1,0.003720380101822787,0,FN
FP,10840,0,0.9953818235592024,1,FP
TN,15497,0,0.00019869360122298741,0,TN
