spo2_group,n_patients,mean_spo2,mean_shap,median_shap
<85,2414,73.71251035625518,0.5779481501506952,0.5452841758208018
85-90,3590,88.63454038997214,0.06132964807905886,0.02294396811713138
90-95,8363,93.0396986727251,-0.12431662013303943,-0.1175081062794088
95-100,3953,97.32937009865924,-0.15984702103490067,-0.16025374158093472
