ventilated_apache,n_patients,mean_shap,median_shap
0.0,12416,-0.2234088560401966,-0.22668127044224165
1.0,5927,0.39158931432368893,0.3958957143735362
