ventilated_apache,n_patients,mean_shap,median_shap
0.0,12416,-0.3117005439697719,-0.31059276087905435
1.0,5927,0.5726879027745398,0.5786180589584183
